iniciativa_id,planta_id,linea_id,equipo_id,categoria_iniciativa,tipo_iniciativa,descripcion_resumida,expected_energy_saving,expected_oee_gain,expected_emissions_reduction,annual_saving_proxy,implementation_complexity_score,execution_risk_score,payback_months,strategic_alignment_score,operational_urgency_score,quick_win_flag,capex_estimado,implementation_complexity_score_scaling_method,operational_urgency_score_scaling_method,strategic_alignment_score_scaling_method,score_scale_version,opportunity_feature_comparability_tag
INI_0000001,PLT_BIZ,PLT_BIZ_L01,PLT_BIZ_L01_EQ05,EficienciaEnergetica,QuickWinOperativo,Ajuste fino de setpoints y secuencia de arranque/parada,16286.4165648,1.368,3418.667946457223,214552.9588611404,15.0,16.0,2.5,33.32631578947369,28.860113037415502,1,32927.74,anchored_reference_linear,anchored_reference_linear,anchored_reference_linear,anchored_reference_v1,contextual_comparable_inter_release
INI_0000002,PLT_BIZ,PLT_BIZ_L01,PLT_BIZ_L01_EQ04,Confiabilidad,MantenimientoPredictivo,Analitica predictiva de fallo en equipos criticos,6523.080272,3.135,910.8695775708019,196817.08001898005,51.47785755555555,74.0,4.12,39.0,25.38439875170122,0,93007.18,anchored_reference_linear,anchored_reference_linear,anchored_reference_linear,anchored_reference_v1,contextual_comparable_inter_release
INI_0000003,PLT_BIZ,PLT_BIZ_L01,,OptimizacionProceso,ControlAvanzado,Control multivariable para reducir variabilidad de proceso,41906.157050400005,4.008,5304.361774066565,432098.101560012,52.79675955555555,54.0,4.24,44.886842105263156,26.631541608844078,0,211708.36,anchored_reference_linear,anchored_reference_linear,anchored_reference_linear,anchored_reference_v1,contextual_comparable_inter_release
INI_0000004,PLT_BIZ,PLT_BIZ_L01,PLT_BIZ_L01_EQ04,TransformacionIndustrial,CAPEXTransformacional,Revamping de equipos termicos y recuperacion de calor,47574.226662999994,6.762,8891.637493393278,446929.09604663204,72.47184255555555,94.0,27.86,49.757894736842104,30.565827323129792,0,1442465.83,anchored_reference_linear,anchored_reference_linear,anchored_reference_linear,anchored_reference_v1,contextual_comparable_inter_release
INI_0000005,PLT_BIZ,PLT_BIZ_L02,PLT_BIZ_L02_EQ04,EficienciaEnergetica,QuickWinOperativo,Ajuste fino de setpoints y secuencia de arranque/parada,4010.821317,1.387,4965.076002074592,105384.59486576056,15.0,16.0,2.5,40.099999999999994,33.3546672798965,1,22150.41,anchored_reference_linear,anchored_reference_linear,anchored_reference_linear,anchored_reference_v1,contextual_comparable_inter_release
INI_0000006,PLT_BIZ,PLT_BIZ_L02,PLT_BIZ_L02_EQ04,Confiabilidad,MantenimientoPredictivo,Analitica predictiva de fallo en equipos criticos,2747.7058214,4.117,2024.1490601266196,139876.22153768913,51.68065633333333,74.0,6.97,45.892105263157895,31.25466727989651,0,111259.07,anchored_reference_linear,anchored_reference_linear,anchored_reference_linear,anchored_reference_v1,contextual_comparable_inter_release
INI_0000007,PLT_BIZ,PLT_BIZ_L02,PLT_BIZ_L02_EQ01,OptimizacionProceso,ControlAvanzado,Control multivariable para reducir variabilidad de proceso,26423.790846,3.567,7422.281982693141,281481.0276217019,41.02539355555555,68.0,7.33,51.78026315789474,30.468952994182217,0,232285.42,anchored_reference_linear,anchored_reference_linear,anchored_reference_linear,anchored_reference_v1,contextual_comparable_inter_release
INI_0000008,PLT_BIZ,PLT_BIZ_L02,PLT_BIZ_L02_EQ02,TransformacionIndustrial,CAPEXTransformacional,Revamping de equipos termicos y recuperacion de calor,136872.229684,3.912,12240.191009001675,602792.8077669619,92.95979355555555,100.0,32.48,66.03552631578948,30.961810137039357,0,2206381.42,anchored_reference_linear,anchored_reference_linear,anchored_reference_linear,anchored_reference_v1,contextual_comparable_inter_release
INI_0000009,PLT_BIZ,PLT_BIZ_L03,PLT_BIZ_L03_EQ06,EficienciaEnergetica,QuickWinOperativo,Ajuste fino de setpoints y secuencia de arranque/parada,9165.002462000002,1.247,3405.4219637667015,153336.92249724944,15.0,16.0,2.5,54.64868421052632,39.81635210325165,1,21674.09,anchored_reference_linear,anchored_reference_linear,anchored_reference_linear,anchored_reference_v1,contextual_comparable_inter_release
INI_0000010,PLT_BIZ,PLT_BIZ_L03,PLT_BIZ_L03_EQ01,Confiabilidad,MantenimientoPredictivo,Analitica predictiva de fallo en equipos criticos,3188.4995664000003,2.995,1659.838587693338,171315.15184313088,51.57452333333333,54.0,5.36,61.10394736842106,36.31349496039451,0,101707.1,anchored_reference_linear,anchored_reference_linear,anchored_reference_linear,anchored_reference_v1,contextual_comparable_inter_release
INI_0000011,PLT_BIZ,PLT_BIZ_L03,PLT_BIZ_L03_EQ01,OptimizacionProceso,ControlAvanzado,Control multivariable para reducir variabilidad de proceso,34272.1091466,5.323,2710.4378895285995,386640.2158492186,53.24018455555556,74.0,5.77,62.63552631578948,39.6392092461088,0,251616.61,anchored_reference_linear,anchored_reference_linear,anchored_reference_linear,anchored_reference_v1,contextual_comparable_inter_release
INI_0000012,PLT_BIZ,PLT_BIZ_L03,PLT_BIZ_L03_EQ06,TransformacionIndustrial,CAPEXTransformacional,Revamping de equipos termicos y recuperacion de calor,130491.77600750001,3.505,12181.175410282374,539458.2035350985,86.25506844444443,100.0,26.57,85.44210526315788,37.04206638896594,0,1602956.16,anchored_reference_linear,anchored_reference_linear,anchored_reference_linear,anchored_reference_v1,contextual_comparable_inter_release
INI_0000013,PLT_BIZ,PLT_BIZ_L04,PLT_BIZ_L04_EQ02,EficienciaEnergetica,QuickWinOperativo,Ajuste fino de setpoints y secuencia de arranque/parada,7968.4160256,0.952,2236.7046092507185,128435.29369961884,27.0,22.0,2.5,68.80526315789474,46.91630081629903,1,24582.39,anchored_reference_linear,anchored_reference_linear,anchored_reference_linear,anchored_reference_v1,contextual_comparable_inter_release
INI_0000014,PLT_BIZ,PLT_BIZ_L04,PLT_BIZ_L04_EQ02,Confiabilidad,MantenimientoPredictivo,Analitica predictiva de fallo en equipos criticos,2923.7239627000004,2.224,1396.1550163107136,143436.49800657926,39.90853933333334,68.0,7.78,67.25657894736842,42.66487224487045,0,131768.54,anchored_reference_linear,anchored_reference_linear,anchored_reference_linear,anchored_reference_v1,contextual_comparable_inter_release
INI_0000015,PLT_BIZ,PLT_BIZ_L04,PLT_BIZ_L04_EQ06,OptimizacionProceso,ControlAvanzado,Control multivariable para reducir variabilidad de proceso,15438.8355475,2.17,4337.0073729181395,236082.68485431353,48.44053533333334,87.99999999999999,13.22,72.675,42.5877293877276,0,359648.18,anchored_reference_linear,anchored_reference_linear,anchored_reference_linear,anchored_reference_v1,contextual_comparable_inter_release
INI_0000016,PLT_BIZ,PLT_BIZ_L04,PLT_BIZ_L04_EQ02,TransformacionIndustrial,CAPEXTransformacional,Revamping de equipos termicos y recuperacion de calor,122243.643609,4.784,12337.582640298662,507557.68873617233,84.827602,100.0,26.18,96.41578947368421,46.32201510201332,0,1474484.18,anchored_reference_linear,anchored_reference_linear,anchored_reference_linear,anchored_reference_v1,contextual_comparable_inter_release
INI_0000017,PLT_ALA,PLT_ALA_L01,PLT_ALA_L01_EQ06,EficienciaEnergetica,QuickWinOperativo,Ajuste fino de setpoints y secuencia de arranque/parada,11156.732208,0.634,3287.771852752083,160460.51280466927,27.0,22.0,2.5,54.59078947368421,41.9024010048021,1,27344.07,anchored_reference_linear,anchored_reference_linear,anchored_reference_linear,anchored_reference_v1,contextual_comparable_inter_release
INI_0000018,PLT_ALA,PLT_ALA_L01,PLT_ALA_L01_EQ04,Confiabilidad,MantenimientoPredictivo,Analitica predictiva de fallo en equipos criticos,1554.1677120000002,1.638,745.8983608013575,109674.34286528242,58.08691411111111,54.0,13.03,60.00000000000001,36.813829576230674,0,147822.27,anchored_reference_linear,anchored_reference_linear,anchored_reference_linear,anchored_reference_v1,contextual_comparable_inter_release
INI_0000019,PLT_ALA,PLT_ALA_L01,PLT_ALA_L01_EQ03,OptimizacionProceso,ControlAvanzado,Control multivariable para reducir variabilidad de proceso,21173.004169199998,4.865,2898.952494462013,356187.1196261617,41.28929577777778,68.0,6.41,54.01052631578948,41.42382957623067,0,256036.62,anchored_reference_linear,anchored_reference_linear,anchored_reference_linear,anchored_reference_v1,contextual_comparable_inter_release
INI_0000020,PLT_ALA,PLT_ALA_L01,PLT_ALA_L01_EQ04,TransformacionIndustrial,CAPEXTransformacional,Revamping de equipos termicos y recuperacion de calor,108087.3282633,7.446,10037.005838490133,763289.1388347007,73.12568722222223,100.0,10.99,82.66315789473684,45.11097243337353,0,961311.85,anchored_reference_linear,anchored_reference_linear,anchored_reference_linear,anchored_reference_v1,contextual_comparable_inter_release
INI_0000021,PLT_ALA,PLT_ALA_L02,PLT_ALA_L02_EQ01,EficienciaEnergetica,QuickWinOperativo,Ajuste fino de setpoints y secuencia de arranque/parada,19424.8310711,1.679,2361.1470670953113,263250.2097367701,15.0,16.0,2.5,52.95394736842105,40.29654414635478,1,25771.92,anchored_reference_linear,anchored_reference_linear,anchored_reference_linear,anchored_reference_v1,contextual_comparable_inter_release
INI_0000022,PLT_ALA,PLT_ALA_L02,,Confiabilidad,MantenimientoPredictivo,Analitica predictiva de fallo en equipos criticos,5518.23184,4.643,1796.7521544777605,242586.30967663613,51.78120133333333,94.0,4.37,61.17236842105264,38.5308298606405,0,120308.12,anchored_reference_linear,anchored_reference_linear,anchored_reference_linear,anchored_reference_v1,contextual_comparable_inter_release
INI_0000023,PLT_ALA,PLT_ALA_L02,PLT_ALA_L02_EQ04,OptimizacionProceso,ControlAvanzado,Control multivariable para reducir variabilidad de proceso,31929.591612,5.596,3926.060233898522,470166.0201128648,40.92009955555555,68.0,4.12,55.12105263157895,39.89225843206907,0,222808.96,anchored_reference_linear,anchored_reference_linear,anchored_reference_linear,anchored_reference_v1,contextual_comparable_inter_release
INI_0000024,PLT_ALA,PLT_ALA_L02,,TransformacionIndustrial,CAPEXTransformacional,Revamping de equipos termicos y recuperacion de calor,111470.8701069,6.225,12122.138544065187,605948.1179283927,80.41516411111111,94.0,31.11,75.47105263157896,40.79082986064051,0,2157364.77,anchored_reference_linear,anchored_reference_linear,anchored_reference_linear,anchored_reference_v1,contextual_comparable_inter_release
INI_0000025,PLT_ALA,PLT_ALA_L03,,EficienciaEnergetica,QuickWinOperativo,Ajuste fino de setpoints y secuencia de arranque/parada,7632.5206071,0.4,2577.4214497692983,120180.79455604107,15.0,16.0,2.98,53.92763157894736,39.652526002917924,1,42037.59,anchored_reference_linear,anchored_reference_linear,anchored_reference_linear,anchored_reference_v1,contextual_comparable_inter_release
INI_0000026,PLT_ALA,PLT_ALA_L03,PLT_ALA_L03_EQ02,Confiabilidad,MantenimientoPredictivo,Analitica predictiva de fallo en equipos criticos,5022.974394,4.098,936.662926861897,241556.89562649297,39.63070133333333,68.0,3.89,51.22631578947369,38.0782402886322,0,106763.12,anchored_reference_linear,anchored_reference_linear,anchored_reference_linear,anchored_reference_v1,contextual_comparable_inter_release
INI_0000027,PLT_ALA,PLT_ALA_L03,PLT_ALA_L03_EQ02,OptimizacionProceso,ControlAvanzado,Control multivariable para reducir variabilidad de proceso,20513.9615394,4.162,3455.7427438147124,324616.9676851123,52.80214044444445,74.0,5.81,64.37368421052632,38.16966886006078,0,212192.64,anchored_reference_linear,anchored_reference_linear,anchored_reference_linear,anchored_reference_v1,contextual_comparable_inter_release
INI_0000028,PLT_ALA,PLT_ALA_L03,PLT_ALA_L03_EQ02,TransformacionIndustrial,CAPEXTransformacional,Revamping de equipos termicos y recuperacion de calor,173474.8489824,7.429,10167.42811905892,771104.14896598,59.95472244444444,74.0,9.94,75.42368421052632,42.83681171720364,0,855925.02,anchored_reference_linear,anchored_reference_linear,anchored_reference_linear,anchored_reference_v1,contextual_comparable_inter_release
INI_0000029,PLT_ALA,PLT_ALA_L04,PLT_ALA_L04_EQ02,EficienciaEnergetica,QuickWinOperativo,Ajuste fino de setpoints y secuencia de arranque/parada,4477.347685600001,1.78,1032.226276338191,108325.85234806137,27.0,22.0,2.81,30.518421052631584,28.518968946204478,1,34303.97,anchored_reference_linear,anchored_reference_linear,anchored_reference_linear,anchored_reference_v1,contextual_comparable_inter_release
INI_0000030,PLT_ALA,PLT_ALA_L04,PLT_ALA_L04_EQ06,Confiabilidad,MantenimientoPredictivo,Analitica predictiva de fallo en equipos criticos,7220.179728,4.342,1204.0171630745326,279505.1990450985,51.96736833333333,74.0,4.26,39.82368421052632,26.178968946204474,0,137063.15,anchored_reference_linear,anchored_reference_linear,anchored_reference_linear,anchored_reference_v1,contextual_comparable_inter_release
INI_0000031,PLT_ALA,PLT_ALA_L04,PLT_ALA_L04_EQ03,OptimizacionProceso,ControlAvanzado,Control multivariable para reducir variabilidad de proceso,29231.30144,3.398,4346.605625613473,296542.57701810036,41.86055566666666,68.0,9.12,45.40789473684211,24.83039751763305,0,307450.01,anchored_reference_linear,anchored_reference_linear,anchored_reference_linear,anchored_reference_v1,contextual_comparable_inter_release
INI_0000032,PLT_ALA,PLT_ALA_L04,PLT_ALA_L04_EQ03,TransformacionIndustrial,CAPEXTransformacional,Revamping de equipos termicos y recuperacion de calor,97133.32951,6.724,6320.7198671612605,618574.2554102975,72.38527344444444,74.0,20.35,48.915789473684214,29.581826089061625,0,1434674.61,anchored_reference_linear,anchored_reference_linear,anchored_reference_linear,anchored_reference_v1,contextual_comparable_inter_release
INI_0000033,PLT_CAN,PLT_CAN_L01,PLT_CAN_L01_EQ01,EficienciaEnergetica,QuickWinOperativo,Ajuste fino de setpoints y secuencia de arranque/parada,6108.2335791000005,0.868,3405.8270896561876,156322.4159793741,15.0,16.0,2.5,39.935526315789474,35.82695672451548,1,39381.48,anchored_reference_linear,anchored_reference_linear,anchored_reference_linear,anchored_reference_v1,contextual_comparable_inter_release
INI_0000034,PLT_CAN,PLT_CAN_L01,,Confiabilidad,MantenimientoPredictivo,Analitica predictiva de fallo en equipos criticos,5287.4825925,4.22,1040.2664049839373,280460.5120440741,52.451986222222224,74.0,5.45,45.28815789473684,34.42695672451548,0,180678.76,anchored_reference_linear,anchored_reference_linear,anchored_reference_linear,anchored_reference_v1,contextual_comparable_inter_release
INI_0000035,PLT_CAN,PLT_CAN_L01,PLT_CAN_L01_EQ06,OptimizacionProceso,ControlAvanzado,Control multivariable para reducir variabilidad de proceso,20835.3133681,4.548,2794.8092504695605,381005.1508978643,55.156614999999995,94.0,9.75,47.99342105263158,34.89552815308691,0,424095.35,anchored_reference_linear,anchored_reference_linear,anchored_reference_linear,anchored_reference_v1,contextual_comparable_inter_release
INI_0000036,PLT_CAN,PLT_CAN_L01,,TransformacionIndustrial,CAPEXTransformacional,Revamping de equipos termicos y recuperacion de calor,155497.9814958,4.332,8020.035827759672,741572.7886974508,94.0,100.0,27.63,65.05000000000001,34.58695672451548,0,2309286.26,anchored_reference_linear,anchored_reference_linear,anchored_reference_linear,anchored_reference_v1,contextual_comparable_inter_release
INI_0000037,PLT_CAN,PLT_CAN_L02,PLT_CAN_L02_EQ01,EficienciaEnergetica,QuickWinOperativo,Ajuste fino de setpoints y secuencia de arranque/parada,5802.784463,0.595,1517.9634518414803,128144.19383361234,15.0,16.0,2.5,57.530263157894744,45.972184442147814,1,16798.48,anchored_reference_linear,anchored_reference_linear,anchored_reference_linear,anchored_reference_v1,contextual_comparable_inter_release
INI_0000038,PLT_CAN,PLT_CAN_L02,PLT_CAN_L02_EQ04,Confiabilidad,MantenimientoPredictivo,Analitica predictiva de fallo en equipos criticos,2422.32704,2.186,1512.5537460259366,104158.82946355124,58.60303422222222,54.0,16.86,66.52368421052633,41.66647015643353,0,194273.08,anchored_reference_linear,anchored_reference_linear,anchored_reference_linear,anchored_reference_v1,contextual_comparable_inter_release
INI_0000039,PLT_CAN,PLT_CAN_L02,PLT_CAN_L02_EQ05,OptimizacionProceso,ControlAvanzado,Control multivariable para reducir variabilidad de proceso,12080.601547500002,4.617,6260.11156974683,245828.8088669017,41.12798188888889,48.00000000000001,8.47,72.29736842105264,45.13932729929068,0,241518.37,anchored_reference_linear,anchored_reference_linear,anchored_reference_linear,anchored_reference_v1,contextual_comparable_inter_release
INI_0000040,PLT_CAN,PLT_CAN_L02,PLT_CAN_L02_EQ02,TransformacionIndustrial,CAPEXTransformacional,Revamping de equipos termicos y recuperacion de calor,136198.86223680002,8.189,17268.862904377664,674332.0886993769,88.70910022222222,100.0,23.97,94.68552631578947,50.24218444214782,0,1823819.02,anchored_reference_linear,anchored_reference_linear,anchored_reference_linear,anchored_reference_v1,contextual_comparable_inter_release
INI_0000041,PLT_CAN,PLT_CAN_L03,PLT_CAN_L03_EQ03,EficienciaEnergetica,QuickWinOperativo,Ajuste fino de setpoints y secuencia de arranque/parada,11453.1287301,0.595,3028.8376738427937,159590.46296964574,27.0,22.0,2.5,48.327631578947376,32.989731775176764,1,35045.7,anchored_reference_linear,anchored_reference_linear,anchored_reference_linear,anchored_reference_v1,contextual_comparable_inter_release
INI_0000042,PLT_CAN,PLT_CAN_L03,,Confiabilidad,MantenimientoPredictivo,Analitica predictiva de fallo en equipos criticos,2650.5948076,2.195,1878.7547940044983,119800.506988173,27.46667988888889,62.0,6.83,46.564473684210526,28.69687463231962,0,92001.19,anchored_reference_linear,anchored_reference_linear,anchored_reference_linear,anchored_reference_v1,contextual_comparable_inter_release
INI_0000043,PLT_CAN,PLT_CAN_L03,PLT_CAN_L03_EQ01,OptimizacionProceso,ControlAvanzado,Control multivariable para reducir variabilidad de proceso,35014.362708,5.486,3037.4203819012887,348628.01618497976,42.630164,68.0,9.46,48.34078947368421,33.39830320374819,0,376714.76,anchored_reference_linear,anchored_reference_linear,anchored_reference_linear,anchored_reference_v1,contextual_comparable_inter_release
INI_0000044,PLT_CAN,PLT_CAN_L03,PLT_CAN_L03_EQ06,TransformacionIndustrial,CAPEXTransformacional,Revamping de equipos termicos y recuperacion de calor,61330.0205061,5.735,9313.954785078491,487606.9730045708,73.15696744444445,94.0,26.99,66.96315789473685,33.75401748946247,0,1504127.07,anchored_reference_linear,anchored_reference_linear,anchored_reference_linear,anchored_reference_v1,contextual_comparable_inter_release
INI_0000045,PLT_CAN,PLT_CAN_L04,,EficienciaEnergetica,QuickWinOperativo,Ajuste fino de setpoints y secuencia de arranque/parada,6381.688420800001,1.046,1510.6203030799472,101361.40170491202,27.0,42.0,2.5,31.128947368421056,27.66441280468561,1,10541.91,anchored_reference_linear,anchored_reference_linear,anchored_reference_linear,anchored_reference_v1,contextual_comparable_inter_release
INI_0000046,PLT_CAN,PLT_CAN_L04,PLT_CAN_L04_EQ04,Confiabilidad,MantenimientoPredictivo,Analitica predictiva de fallo en equipos criticos,3688.9919136000003,1.871,1565.0936939875667,121205.28891027931,27.84807944444444,62.0,9.53,31.2171052631579,22.842984233257045,0,126327.15,anchored_reference_linear,anchored_reference_linear,anchored_reference_linear,anchored_reference_v1,contextual_comparable_inter_release
INI_0000047,PLT_CAN,PLT_CAN_L04,PLT_CAN_L04_EQ03,OptimizacionProceso,ControlAvanzado,Control multivariable para reducir variabilidad de proceso,10759.024524600001,2.704,3370.8459507908833,180359.12636965563,48.09168322222222,68.0,15.81,43.13947368421053,24.032984233257043,0,328251.49,anchored_reference_linear,anchored_reference_linear,anchored_reference_linear,anchored_reference_v1,contextual_comparable_inter_release
INI_0000048,PLT_CAN,PLT_CAN_L04,PLT_CAN_L04_EQ04,TransformacionIndustrial,CAPEXTransformacional,Revamping de equipos termicos y recuperacion de calor,32482.2343985,3.022,14165.520743036555,281376.888201605,71.55203499999999,74.0,41.96,60.609210526315785,24.48726994754276,0,1359683.15,anchored_reference_linear,anchored_reference_linear,anchored_reference_linear,anchored_reference_v1,contextual_comparable_inter_release
